1/2/2013,,,,19.343929
1/3/2013,,,,19.321428
1/4/2013,,,,18.779642
1/7/2013,,,,18.4
1/8/2013,,,,18.616072
1/9/2013,,,,18.428213
1/10/2013,,,,18.411428
1/11/2013,,,,18.536428
1/14/2013,,,,17.803928
1/15/2013,,,,17.263571
1/16/2013,,,,17.589287
1/17/2013,,,,17.929644
1/18/2013,,,,17.728571
1/22/2013,,,,17.736786
1/23/2013,,,,18.0275
1/24/2013,,,,16.080357
1/25/2013,,,,15.535714
1/28/2013,,,,15.566429
1/29/2013,,,,16.147142
1/30/2013,,,,16.232143
1/31/2013,,,,16.249287
2/1/2013,,,,16.012501
2/4/2013,,,,15.785714
2/5/2013,,,,15.793571
2/6/2013,,,,16.16357
2/7/2013,,,,16.218571
2/8/2013,,,,16.723213
2/11/2013,,,,16.901787
2/12/2013,,,,16.705
2/13/2013,,,,16.543571
2/14/2013,,,,16.572144
2/15/2013,,,,16.425714
2/19/2013,,,,16.208929
2/20/2013,,,,16.02857
2/21/2013,,,,15.815
2/22/2013,,,,15.95
2/25/2013,,,,15.806071
2/26/2013,,,,15.630714
2/27/2013,,,,15.7375
2/28/2013,,,,15.764286
3/1/2013,,,,15.356429
3/4/2013,,,,14.964286
3/5/2013,,,,15.026786
3/6/2013,,,,15.158214
3/7/2013,,,,15.037857
3/8/2013,,,,15.3075
3/11/2013,,,,15.183571
3/12/2013,,,,15.270357
3/13/2013,,,,15.191429
3/14/2013,,,,15.373214
3/15/2013,,,,15.616071
3/18/2013,,,,15.757143
3/19/2013,,,,16.017857
3/20/2013,,,,16.056786
3/21/2013,,,,16.075001
3/22/2013,,,,16.182501
3/25/2013,,,,16.492144
3/26/2013,,,,16.4475
3/27/2013,,,,16.0975
3/28/2013,,,,15.772143
4/1/2013,,,,15.276429
4/2/2013,,,,15.228571
4/3/2013,,,,15.368214
4/4/2013,,,,15.1875
4/5/2013,,,,14.988571
4/8/2013,,,,15.088929
4/9/2013,,,,15.098214
4/10/2013,,,,15.214643
4/11/2013,,,,15.4
4/12/2013,,,,15.324643
4/15/2013,,,,14.983929
4/16/2013,,,,15.020357
4/17/2013,,,,14.218214
4/18/2013,,,,13.919286
4/19/2013,,,,13.753571
4/22/2013,,,,13.973929
4/23/2013,,,,14.243214
4/24/2013,,,,14.017857
4/25/2013,,,,14.535714
4/26/2013,,,,14.580357
4/29/2013,,,,15
4/30/2013,,,,15.431071
5/1/2013,,,,15.513929
5/2/2013,,,,15.736786
5/3/2013,,,,16.041071
5/6/2013,,,,16.225357
5/7/2013,,,,16.203571
5/8/2013,,,,16.278929
5/9/2013,,,,16.270714
5/10/2013,,,,16.088572
5/13/2013,,,,16.125
5/14/2013,,,,15.791071
5/15/2013,,,,15.084286
5/16/2013,,,,14.960714
5/17/2013,,,,15.393214
5/20/2013,,,,15.360714
5/21/2013,,,,15.507143
5/22/2013,,,,15.650714
5/23/2013,,,,15.563929
5/24/2013,,,,15.727143
5/28/2013,,,,15.744643
5/29/2013,,,,15.692857
5/30/2013,,,,15.875357
5/31/2013,,,,16.053572
6/3/2013,,,,15.802857
6/4/2013,,,,15.978214
6/5/2013,,,,15.846786
6/6/2013,,,,15.501786
6/7/2013,,,,15.456071
6/10/2013,,,,15.6
6/11/2013,,,,15.475714
6/12/2013,,,,15.410714
6/13/2013,,,,15.3125
6/14/2013,,,,15.303571
6/17/2013,,,,15.37
6/18/2013,,,,15.364643
6/19/2013,,,,15.107143
6/20/2013,,,,14.8275
6/21/2013,,,,14.575
6/24/2013,,,,14.216071
6/25/2013,,,,14.243929
6/26/2013,,,,14.130714
6/27/2013,,,,14.055
6/28/2013,,,,13.888214
7/1/2013,,,,14.329286
7/2/2013,,,,14.623929
7/3/2013,,,,14.908929
7/5/2013,,,,14.833929
7/8/2013,,,,14.666071
7/9/2013,,,,14.656429
7/10/2013,,,,14.9375
7/11/2013,,,,15.041786
7/12/2013,,,,15.121786
7/15/2013,,,,15.171429
7/16/2013,,,,15.148929
7/17/2013,,,,15.293571
7/18/2013,,,,15.378929
7/19/2013,,,,15.155357
7/22/2013,,,,15.195357
7/23/2013,,,,14.953929
7/24/2013,,,,15.545
7/25/2013,,,,15.564643
7/26/2013,,,,15.512143
7/29/2013,,,,15.721429
7/30/2013,,,,16.043928
7/31/2013,,,,16.051071
8/1/2013,,,,16.187857
8/2/2013,,,,16.309286
8/5/2013,,,,16.505358
8/6/2013,,,,16.506071
8/7/2013,,,,16.491785
8/8/2013,,,,16.355356
8/9/2013,,,,16.201786
8/12/2013,,,,16.308214
8/13/2013,,,,16.71607
8/14/2013,,,,17.621429
8/15/2013,,,,17.467142
8/16/2013,,,,17.816429
8/19/2013,,,,18
8/20/2013,,,,17.886429
8/21/2013,,,,17.9
8/22/2013,,,,17.792856
8/23/2013,,,,17.833929
8/26/2013,,,,17.875
8/27/2013,,,,17.367857
8/28/2013,,,,17.357143
8/29/2013,,,,17.540358
8/30/2013,,,,17.375
9/3/2013,,,,17.405357
9/4/2013,,,,17.724285
9/5/2013,,,,17.629999
9/6/2013,,,,17.498215
9/9/2013,,,,17.981428
9/10/2013,,,,17.482143
9/11/2013,,,,16.600357
9/12/2013,,,,16.643213
9/13/2013,,,,16.59643
9/16/2013,,,,15.972143
9/17/2013,,,,15.982143
9/18/2013,,,,16.452143
9/19/2013,,,,16.758928
9/20/2013,,,,16.642857
9/23/2013,,,,17.235714
9/24/2013,,,,17.422144
9/25/2013,,,,17.19393
9/26/2013,,,,17.282143
9/27/2013,,,,17.168571
9/30/2013,,,,16.943214
10/1/2013,,,,17.084999
10/2/2013,,,,17.276787
10/3/2013,,,,17.169287
10/4/2013,,,,17.092857
10/7/2013,,,,17.333929
10/8/2013,,,,17.162144
10/9/2013,,,,17.081429
10/10/2013,,,,17.394285
10/11/2013,,,,17.327143
10/14/2013,,,,17.476786
10/15/2013,,,,17.697144
10/16/2013,,,,17.829643
10/17/2013,,,,17.845715
10/18/2013,,,,18.061071
10/21/2013,,,,18.268572
10/22/2013,,,,18.143929
10/23/2013,,,,18.535713
10/24/2013,,,,18.65893
10/25/2013,,,,18.753929
10/28/2013,,,,18.686071
10/29/2013,,,,18.376429
10/30/2013,,,,18.465
10/31/2013,,,,18.616785
11/1/2013,,,,18.422857
11/4/2013,,,,18.528929
11/5/2013,,,,18.678572
11/6/2013,,,,18.507143
11/7/2013,,,,18.299286
11/8/2013,,,,18.306786
11/11/2013,,,,18.371786
11/12/2013,,,,18.464287
11/13/2013,,,,18.462856
11/14/2013,,,,18.638214
11/15/2013,,,,18.731787
11/18/2013,,,,18.507143
11/19/2013,,,,18.498928
11/20/2013,,,,18.368929
11/21/2013,,,,18.345358
11/22/2013,,,,18.518929
11/25/2013,,,,18.607143
11/26/2013,,,,18.714287
11/27/2013,,,,19.049999
11/29/2013,,,,19.564644
12/2/2013,,,,19.672144
12/3/2013,,,,19.917143
12/4/2013,,,,20.029285
12/5/2013,,,,20.22893
12/6/2013,,,,19.984644
12/9/2013,,,,20.032143
12/10/2013,,,,20.042856
12/11/2013,,,,19.98893
12/12/2013,,,,20.001072
12/13/2013,,,,19.77393
12/16/2013,,,,19.821787
12/17/2013,,,,19.763571
12/18/2013,,,,19.242857
12/19/2013,,,,19.418928
12/20/2013,,,,19.457857
12/23/2013,,,,20.098572
12/24/2013,,,,20.215357
12/26/2013,,,,20.120714
12/27/2013,,,,19.982143
12/30/2013,,,,19.725714
12/31/2013,,,,19.785713
1/2/2014,,,,19.715
1/3/2014,,,,19.301071
1/6/2014,,,,19.057142
1/7/2014,,,,19.21143
1/8/2014,,,,19.23893
1/9/2014,,,,19.119642
1/10/2014,,,,18.968214
1/13/2014,,,,18.924286
1/14/2014,,,,19.202143
1/15/2014,,,,19.702143
1/16/2014,,,,19.702856
1/17/2014,,,,19.282143
1/21/2014,,,,19.300714
1/22/2014,,,,19.564644
1/23/2014,,,,19.4575
1/24/2014,,,,19.455357
1/27/2014,,,,19.491072
1/28/2014,,,,17.93107
1/29/2014,,,,17.807858
1/30/2014,,,,17.739286
1/31/2014,,,,17.626785
2/3/2014,,,,17.832144
2/4/2014,,,,17.955713
2/5/2014,,,,18.080357
2/6/2014,,,,18.13607
2/7/2014,,,,18.477858
2/10/2014,,,,18.5
2/11/2014,,,,18.910713
2/12/2014,,,,19.044287
2/13/2014,,,,19.078571
2/14/2014,,,,19.32893
2/18/2014,,,,19.486071
2/19/2014,,,,19.083929
2/20/2014,,,,18.892857
2/21/2014,,,,18.735714
2/24/2014,,,,18.657858
2/25/2014,,,,18.607143
2/26/2014,,,,18.414286
2/27/2014,,,,18.430357
2/28/2014,,,,18.647142
3/3/2014,,,,18.671785
3/4/2014,,,,18.848928
3/5/2014,,,,18.897499
3/6/2014,,,,18.860714
3/7/2014,,,,18.7875
3/10/2014,,,,18.869286
3/11/2014,,,,19.02107
3/12/2014,,,,19
3/13/2014,,,,18.898571
3/14/2014,,,,18.678572
3/17/2014,,,,18.780357
3/18/2014,,,,18.757143
3/19/2014,,,,18.892857
3/20/2014,,,,18.833929
3/21/2014,,,,18.797501
3/24/2014,,,,19.109285
3/25/2014,,,,19.27107
3/26/2014,,,,19.245001
3/27/2014,,,,19.111429
3/28/2014,,,,19.080357
3/31/2014,,,,19.140356
4/1/2014,,,,19.170357
4/2/2014,,,,19.295
4/3/2014,,,,19.201429
4/4/2014,,,,18.949286
4/7/2014,,,,18.638929
4/8/2014,,,,18.525
4/9/2014,,,,18.643572
4/10/2014,,,,18.684643
4/11/2014,,,,18.469286
4/14/2014,,,,18.471786
4/15/2014,,,,18.261786
4/16/2014,,,,18.362143
4/17/2014,,,,18.542856
4/21/2014,,,,18.712856
4/22/2014,,,,18.803572
4/23/2014,,,,18.730356
4/24/2014,,,,20.026072
4/25/2014,,,,20.14143
4/28/2014,,,,20.448214
4/29/2014,,,,21.053928
4/30/2014,,,,21.064285
5/1/2014,,,,20.941429
5/2/2014,,,,21.061071
5/5/2014,,,,21.071428
5/6/2014,,,,21.22893
5/7/2014,,,,20.990356
5/8/2014,,,,20.942858
5/9/2014,,,,20.72607
5/12/2014,,,,20.978571
5/13/2014,,,,21.09643
5/14/2014,,,,21.133572
5/15/2014,,,,21.001429
5/16/2014,,,,20.907143
5/19/2014,,,,21.333214
5/20/2014,,,,21.454643
5/21/2014,,,,21.502144
5/22/2014,,,,21.575001
5/23/2014,,,,21.659643
5/27/2014,,,,21.986786
5/28/2014,,,,22.277857
5/29/2014,,,,22.420357
5/30/2014,,,,22.460714
6/2/2014,,,,22.232143
6/3/2014,,,,22.4375
6/4/2014,,,,22.718214
6/5/2014,,,,22.950357
6/6/2014,,,,23.016787
6/9/2014,,,,22.9375
6/10/2014,,,,23.3925
6/11/2014,,,,23.3675
6/12/2014,,,,22.975
6/13/2014,,,,22.719999
6/16/2014,,,,22.862499
6/17/2014,,,,22.950001
6/18/2014,,,,22.8375
6/19/2014,,,,22.834999
6/20/2014,,,,22.725
6/23/2014,,,,22.65
6/24/2014,,,,22.547501
6/25/2014,,,,22.4125
6/26/2014,,,,22.450001
6/27/2014,,,,22.692499
6/30/2014,,,,23.022499
7/1/2014,,,,23.282499
7/2/2014,,,,23.272499
7/3/2014,,,,23.299999
7/7/2014,,,,23.525
7/8/2014,,,,23.48
7/9/2014,,,,23.690001
7/10/2014,,,,23.379999
7/11/2014,,,,23.715
7/14/2014,,,,23.9125
7/15/2014,,,,23.7575
7/16/2014,,,,23.684999
7/17/2014,,,,23.1425
7/18/2014,,,,23.254999
7/21/2014,,,,23.43
7/22/2014,,,,23.530001
7/23/2014,,,,23.7925
7/24/2014,,,,24.105
7/25/2014,,,,24.16
7/28/2014,,,,24.387501
7/29/2014,,,,24.5625
7/30/2014,,,,24.4175
7/31/2014,,,,23.8325
8/1/2014,,,,23.702499
8/4/2014,,,,23.7925
8/5/2014,,,,23.59
8/6/2014,,,,23.6775
8/7/2014,,,,23.525
8/8/2014,,,,23.32
8/11/2014,,,,23.709999
8/12/2014,,,,23.9025
8/13/2014,,,,24.01
8/14/2014,,,,24.200001
8/15/2014,,,,24.215
8/18/2014,,,,24.495001
8/19/2014,,,,24.83
8/20/2014,,,,24.987499
8/21/2014,,,,25.0275
8/22/2014,,,,25.047501
8/25/2014,,,,25.32
8/26/2014,,,,25.215
8/27/2014,,,,25.174999
8/28/2014,,,,25.389999
8/29/2014,,,,25.549999
9/2/2014,,,,25.68
9/3/2014,,,,24.645
9/4/2014,,,,24.4475
9/5/2014,,,,24.577499
9/8/2014,,,,24.512501
9/9/2014,,,,24.035
9/10/2014,,,,24.440001
9/11/2014,,,,24.905001
9/12/2014,,,,25.27
9/15/2014,,,,25.360001
9/16/2014,,,,24.7225
9/17/2014,,,,25.147499
9/18/2014,,,,25.389999
9/19/2014,,,,25.125
9/22/2014,,,,25.145
9/23/2014,,,,25.135
9/24/2014,,,,25.299999
9/25/2014,,,,24.43
9/26/2014,,,,24.6
9/29/2014,,,,24.657499
9/30/2014,,,,25.1325
10/1/2014,,,,24.674999
10/2/2014,,,,24.51
10/3/2014,,,,24.76
10/6/2014,,,,24.855
10/7/2014,,,,24.682501
10/8/2014,,,,24.577499
10/9/2014,,,,25.1525
10/10/2014,,,,25.075001
10/13/2014,,,,24.952499
10/14/2014,,,,24.6425
10/15/2014,,,,23.795
10/16/2014,,,,23.852501
10/17/2014,,,,24.202499
10/20/2014,,,,24.555
10/21/2014,,,,25.317499
10/22/2014,,,,25.65
10/23/2014,,,,25.907499
10/24/2014,,,,26.1325
10/27/2014,,,,26.174999
10/28/2014,,,,26.3375
10/29/2014,,,,26.59
10/30/2014,,,,26.475
10/31/2014,,,,26.8025
11/3/2014,,,,27.002501
11/4/2014,,,,26.93
11/5/2014,,,,27.032499
11/6/2014,,,,26.950001
11/7/2014,,,,27.137501
11/10/2014,,,,27.1675
11/11/2014,,,,27.1
11/12/2014,,,,27.342501
11/13/2014,,,,27.9
11/14/2014,,,,27.8025
11/17/2014,,,,28.325001
11/18/2014,,,,28.4725
11/19/2014,,,,28.450001
11/20/2014,,,,28.7125
11/21/2014,,,,29.0075
11/24/2014,,,,29.155001
11/25/2014,,,,29.362499
11/26/2014,,,,29.4575
11/28/2014,,,,29.512501
12/1/2014,,,,27.817499
12/2/2014,,,,28.1875
12/3/2014,,,,28.7775
12/4/2014,,,,28.8225
12/5/2014,,,,28.66
12/8/2014,,,,27.905001
12/9/2014,,,,27.3375
12/10/2014,,,,27.885
12/11/2014,,,,27.834999
12/12/2014,,,,27.395
12/15/2014,,,,26.5875
12/16/2014,,,,26.565001
12/17/2014,,,,26.705
12/18/2014,,,,27.665001
12/19/2014,,,,27.915001
12/22/2014,,,,27.9925
12/23/2014,,,,28.115
12/24/2014,,,,28.002501
12/26/2014,,,,28.002501
12/29/2014,,,,28.424999
12/30/2014,,,,28.0275
12/31/2014,,,,27.5525
1/2/2015,,,,26.8375
1/5/2015,,,,26.352501
1/6/2015,,,,26.157499
1/7/2015,,,,26.674999
1/8/2015,,,,27.174999
1/9/2015,,,,27.5525
1/12/2015,,,,27.200001
1/13/2015,,,,27.227501
1/14/2015,,,,27.125
1/15/2015,,,,26.665001
1/16/2015,,,,26.299999
1/20/2015,,,,26.625
1/21/2015,,,,27.067499
1/22/2015,,,,27.43
1/23/2015,,,,27.8825
1/26/2015,,,,28.200001
1/27/2015,,,,27.2575
1/28/2015,,,,28.827499
1/29/2015,,,,28.889999
1/30/2015,,,,29.2125
2/2/2015,,,,29.02
2/3/2015,,,,29.4025
2/4/2015,,,,29.577499
2/5/2015,,,,29.8125
2/6/2015,,,,29.612499
2/9/2015,,,,29.6075
2/10/2015,,,,30.040001
2/11/2015,,,,30.625
2/12/2015,,,,31.3925
2/13/2015,,,,31.4125
2/17/2015,,,,31.73
2/18/2015,,,,31.862499
2/19/2015,,,,32.0825
2/20/2015,,,,32.012501
2/23/2015,,,,32.415001
2/24/2015,,,,32.7925
2/25/2015,,,,32.037498
2/26/2015,,,,31.6525
2/27/2015,,,,32.060001
3/2/2015,,,,32.075001
3/3/2015,,,,32.022499
3/4/2015,,,,32.080002
3/5/2015,,,,31.440001
3/6/2015,,,,31.565001
3/9/2015,,,,31.264999
3/10/2015,,,,30.950001
3/11/2015,,,,30.5275
3/12/2015,,,,30.407499
3/13/2015,,,,30.645
3/16/2015,,,,30.717501
3/17/2015,,,,31.4125
3/18/2015,,,,31.592501
3/19/2015,,,,31.85
3/20/2015,,,,31.290001
3/23/2015,,,,31.629999
3/24/2015,,,,31.639999
3/25/2015,,,,30.844999
3/26/2015,,,,30.65
3/27/2015,,,,30.727501
3/30/2015,,,,31
3/31/2015,,,,31.09
4/1/2015,,,,30.775
4/2/2015,,,,31.047501
4/6/2015,,,,31.0825
4/7/2015,,,,31.495001
4/8/2015,,,,31.2425
4/9/2015,,,,31.165001
4/10/2015,,,,31.315001
4/13/2015,,,,31.6525
4/14/2015,,,,31.477501
4/15/2015,,,,31.502501
4/16/2015,,,,31.5275
4/17/2015,,,,31.115
4/20/2015,,,,31.2925
4/21/2015,,,,31.6675
4/22/2015,,,,31.58
4/23/2015,,,,32.035
4/24/2015,,,,32.307499
4/27/2015,,,,32.787498
4/28/2015,,,,32.392502
4/29/2015,,,,32.075001
4/30/2015,,,,31.145
5/1/2015,,,,31.325001
5/4/2015,,,,32.064999
5/5/2015,,,,31.445
5/6/2015,,,,30.84
5/7/2015,,,,31.004999
5/8/2015,,,,31.5275
5/11/2015,,,,31.407499
5/12/2015,,,,31.205
5/13/2015,,,,31.467501
5/14/2015,,,,31.790001
5/15/2015,,,,32.052502
5/18/2015,,,,32.09
5/19/2015,,,,32.41
5/20/2015,,,,32.334999
5/21/2015,,,,32.4575
5/22/2015,,,,32.849998
5/26/2015,,,,32.279999
5/27/2015,,,,32.512501
5/28/2015,,,,32.775002
5/29/2015,,,,32.474998
6/1/2015,,,,32.512501
6/2/2015,,,,32.330002
6/3/2015,,,,32.474998
6/4/2015,,,,32.227501
6/5/2015,,,,32.09
6/8/2015,,,,31.7075
6/9/2015,,,,31.405001
6/10/2015,,,,31.9625
6/11/2015,,,,32.119999
6/12/2015,,,,31.7775
6/15/2015,,,,31.4275
6/16/2015,,,,31.592501
6/17/2015,,,,31.684999
6/18/2015,,,,31.805
6/19/2015,,,,31.6
6/22/2015,,,,31.77
6/23/2015,,,,31.719999
6/24/2015,,,,31.780001
6/25/2015,,,,31.875
6/26/2015,,,,31.627501
6/29/2015,,,,31.120001
6/30/2015,,,,31.215
7/1/2015,,,,31.497499
7/2/2015,,,,31.442499
7/6/2015,,,,31.2125
7/7/2015,,,,30.942499
7/8/2015,,,,30.635
7/9/2015,,,,29.805
7/10/2015,,,,30.3025
7/13/2015,,,,31.08
7/14/2015,,,,31.26
7/15/2015,,,,31.395
7/16/2015,,,,31.8375
7/17/2015,,,,32.077499
7/20/2015,,,,32.674999
7/21/2015,,,,32.580002
7/22/2015,,,,30.497499
7/23/2015,,,,31.264999
7/24/2015,,,,30.975
7/27/2015,,,,30.530001
7/28/2015,,,,30.637501
7/29/2015,,,,30.567499
7/30/2015,,,,30.4275
7/31/2015,,,,30.227501
8/3/2015,,,,29.379999
8/4/2015,,,,28.3125
8/5/2015,,,,28.025
8/6/2015,,,,28.530001
8/7/2015,,,,28.625
8/10/2015,,,,29.1325
8/11/2015,,,,28.3325
8/12/2015,,,,27.407499
8/13/2015,,,,28.635
8/14/2015,,,,28.502501
8/17/2015,,,,28.875
8/18/2015,,,,29.002501
8/19/2015,,,,28.67
8/20/2015,,,,27.907499
8/21/2015,,,,26.4125
8/24/2015,,,,23
8/25/2015,,,,25.875
8/26/2015,,,,26.262501
8/27/2015,,,,27.504999
8/28/2015,,,,27.885
8/31/2015,,,,28
9/1/2015,,,,26.84
9/2/2015,,,,27.282499
9/3/2015,,,,27.51
9/4/2015,,,,27.127501
9/8/2015,,,,27.58
9/9/2015,,,,27.442499
9/10/2015,,,,27.475
9/11/2015,,,,27.940001
9/14/2015,,,,28.715
9/15/2015,,,,28.605
9/16/2015,,,,28.860001
9/17/2015,,,,28.43
9/18/2015,,,,27.967501
9/21/2015,,,,28.415001
9/22/2015,,,,28.129999
9/23/2015,,,,28.325001
9/24/2015,,,,28.092501
9/25/2015,,,,28.504999
9/28/2015,,,,28.110001
9/29/2015,,,,26.965
9/30/2015,,,,27.182501
10/1/2015,,,,26.827499
10/2/2015,,,,26.887501
10/5/2015,,,,27.2675
10/6/2015,,,,27.442499
10/7/2015,,,,27.352501
10/8/2015,,,,27.0525
10/9/2015,,,,27.372499
10/12/2015,,,,27.860001
10/13/2015,,,,27.67
10/14/2015,,,,27.389999
10/15/2015,,,,27.622499
10/16/2015,,,,27.6325
10/19/2015,,,,27.5275
10/20/2015,,,,27.705
10/21/2015,,,,28.424999
10/22/2015,,,,28.525
10/23/2015,,,,29.0825
10/26/2015,,,,28.73
10/27/2015,,,,28.497499
10/28/2015,,,,29.014999
10/29/2015,,,,29.567499
10/30/2015,,,,29.862499
11/2/2015,,,,29.9025
11/3/2015,,,,30.174999
11/4/2015,,,,30.405001
11/5/2015,,,,30.045
11/6/2015,,,,30.155001
11/9/2015,,,,30.012501
11/10/2015,,,,29.014999
11/11/2015,,,,28.8025
11/12/2015,,,,28.9125
11/13/2015,,,,28.067499
11/16/2015,,,,27.75
11/17/2015,,,,28.33
11/18/2015,,,,28.875
11/19/2015,,,,29.190001
11/20/2015,,,,29.7125
11/23/2015,,,,29.334999
11/24/2015,,,,29.280001
11/25/2015,,,,29.48
11/27/2015,,,,29.4
11/30/2015,,,,29.4375
12/1/2015,,,,29.215
12/2/2015,,,,29.02
12/3/2015,,,,28.555
12/4/2015,,,,28.7775
12/7/2015,,,,29.452499
12/8/2015,,,,29.215
12/9/2015,,,,28.77
12/10/2015,,,,28.877501
12/11/2015,,,,28.2125
12/14/2015,,,,27.4475
12/15/2015,,,,27.5875
12/16/2015,,,,27.200001
12/17/2015,,,,27.245001
12/18/2015,,,,26.452499
12/21/2015,,,,26.3925
12/22/2015,,,,26.612499
12/23/2015,,,,26.799999
12/24/2015,,,,26.987499
12/28/2015,,,,26.545
12/29/2015,,,,26.715
12/30/2015,,,,26.795
12/31/2015,,,,26.205
1/4/2016,,,,25.5
1/5/2016,,,,25.602501
1/6/2016,,,,24.967501
1/7/2016,,,,24.1075
1/8/2016,,,,24.190001
1/11/2016,,,,24.334999
1/12/2016,,,,24.709999
1/13/2016,,,,24.325001
1/14/2016,,,,23.934999
1/15/2016,,,,23.84
1/19/2016,,,,23.875
1/20/2016,,,,23.355
1/21/2016,,,,23.735001
1/22/2016,,,,24.592501
1/25/2016,,,,24.8025
1/26/2016,,,,24.5175
1/27/2016,,,,23.334999
1/28/2016,,,,23.0975
1/29/2016,,,,23.5875
2/1/2016,,,,23.85
2/2/2016,,,,23.57
2/3/2016,,,,23.52
2/4/2016,,,,23.797501
2/5/2016,,,,23.422501
2/8/2016,,,,23.26
2/9/2016,,,,23.4825
2/10/2016,,,,23.525
2/11/2016,,,,23.147499
2/12/2016,,,,23.252501
2/16/2016,,,,23.6525
2/17/2016,,,,24.0375
2/18/2016,,,,24.022499
2/19/2016,,,,23.950001
2/22/2016,,,,23.98
2/23/2016,,,,23.637501
2/24/2016,,,,23.33
2/25/2016,,,,23.8125
2/26/2016,,,,24.145
2/29/2016,,,,24.1625
3/1/2016,,,,24.355
3/2/2016,,,,24.91
3/3/2016,,,,25.112499
3/4/2016,,,,25.342501
3/7/2016,,,,25.24
3/8/2016,,,,25.1
3/9/2016,,,,25.067499
3/10/2016,,,,25.0375
3/11/2016,,,,25.375
3/14/2016,,,,25.445
3/15/2016,,,,25.9625
3/16/2016,,,,26.147499
3/17/2016,,,,26.24
3/18/2016,,,,26.297501
3/21/2016,,,,26.285
3/22/2016,,,,26.3025
3/23/2016,,,,26.475
3/24/2016,,,,26.2225
3/28/2016,,,,26.264999
3/29/2016,,,,26.219999
3/30/2016,,,,27.15
3/31/2016,,,,27.219999
4/1/2016,,,,27.049999
4/4/2016,,,,27.567499
4/5/2016,,,,27.355
4/6/2016,,,,27.299999
4/7/2016,,,,27.030001
4/8/2016,,,,27.0425
4/11/2016,,,,27.2075
4/12/2016,,,,27.165001
4/13/2016,,,,27.700001
4/14/2016,,,,27.8325
4/15/2016,,,,27.432501
4/18/2016,,,,26.735001
4/19/2016,,,,26.557501
4/20/2016,,,,26.514999
4/21/2016,,,,26.379999
4/22/2016,,,,26.155001
4/25/2016,,,,26.127501
4/26/2016,,,,25.977501
4/27/2016,,,,23.92
4/28/2016,,,,23.5625
4/29/2016,,,,23.127501
5/2/2016,,,,23.1
5/3/2016,,,,23.42
5/4/2016,,,,23.455
5/5/2016,,,,23.17
5/6/2016,,,,22.9625
5/9/2016,,,,23.147499
5/10/2016,,,,23.0275
5/11/2016,,,,23.115
5/12/2016,,,,22.3675
5/13/2016,,,,22.5
5/16/2016,,,,22.9125
5/17/2016,,,,23.252501
5/18/2016,,,,23.4725
5/19/2016,,,,23.3925
5/20/2016,,,,23.629999
5/23/2016,,,,23.9175
5/24/2016,,,,24.209999
5/25/2016,,,,24.5275
5/26/2016,,,,24.66
5/27/2016,,,,24.8125
5/31/2016,,,,24.705
6/1/2016,,,,24.5825
6/2/2016,,,,24.157499
6/3/2016,,,,24.362499
6/6/2016,,,,24.387501
6/7/2016,,,,24.74
6/8/2016,,,,24.67
6/9/2016,,,,24.615
6/10/2016,,,,24.620001
6/13/2016,,,,24.275
6/14/2016,,,,24.1875
6/15/2016,,,,24.2575
6/16/2016,,,,24.0175
6/17/2016,,,,23.825001
6/20/2016,,,,23.7575
6/21/2016,,,,23.67
6/22/2016,,,,23.8375
6/23/2016,,,,23.8125
6/24/2016,,,,23.1625
6/27/2016,,,,22.875
6/28/2016,,,,23.035
6/29/2016,,,,23.407499
6/30/2016,,,,23.575001
7/1/2016,,,,23.8325
7/5/2016,,,,23.615
7/6/2016,,,,23.592501
7/7/2016,,,,23.905001
7/8/2016,,,,24.012501
7/11/2016,,,,24.182501
7/12/2016,,,,24.280001
7/13/2016,,,,24.209999
7/14/2016,,,,24.33
7/15/2016,,,,24.625
7/18/2016,,,,24.65
7/19/2016,,,,24.834999
7/20/2016,,,,24.934999
7/21/2016,,,,24.782499
7/22/2016,,,,24.577499
7/25/2016,,,,24.23
7/26/2016,,,,24.105
7/27/2016,,,,25.6875
7/28/2016,,,,25.705
7/29/2016,,,,25.92
8/1/2016,,,,26.102501
8/2/2016,,,,26
8/3/2016,,,,26.192499
8/4/2016,,,,26.32
8/5/2016,,,,26.545
8/8/2016,,,,26.790001
8/9/2016,,,,27.002501
8/10/2016,,,,26.940001
8/11/2016,,,,26.9625
8/12/2016,,,,26.945
8/15/2016,,,,27.02
8/16/2016,,,,27.3025
8/17/2016,,,,27.084999
8/18/2016,,,,27.254999
8/19/2016,,,,27.09
8/22/2016,,,,26.9625
8/23/2016,,,,27.1325
8/24/2016,,,,26.92
8/25/2016,,,,26.67
8/26/2016,,,,26.577499
8/29/2016,,,,26.5725
8/30/2016,,,,26.375
8/31/2016,,,,26.41
9/1/2016,,,,26.405001
9/2/2016,,,,26.705
9/6/2016,,,,26.877501
9/7/2016,,,,26.7675
9/8/2016,,,,26.309999
9/9/2016,,,,25.782499
9/12/2016,,,,25.6325
9/13/2016,,,,26.809999
9/14/2016,,,,27.15
9/15/2016,,,,28.372499
9/16/2016,,,,28.51
9/19/2016,,,,28.3125
9/20/2016,,,,28.127501
9/21/2016,,,,28.110001
9/22/2016,,,,28.5
9/23/2016,,,,27.887501
9/26/2016,,,,27.887501
9/27/2016,,,,28.084999
9/28/2016,,,,28.3575
9/29/2016,,,,27.950001
9/30/2016,,,,27.950001
10/3/2016,,,,28.07
10/4/2016,,,,28.157499
10/5/2016,,,,28.172501
10/6/2016,,,,28.282499
10/7/2016,,,,28.377501
10/10/2016,,,,28.68
10/11/2016,,,,29.049999
10/12/2016,,,,29.1875
10/13/2016,,,,28.93
10/14/2016,,,,29.282499
10/17/2016,,,,29.195
10/18/2016,,,,29.362499
10/19/2016,,,,28.450001
10/20/2016,,,,29.0825
10/21/2016,,,,29.07
10/24/2016,,,,29.25
10/25/2016,,,,29.327499
10/26/2016,,,,28.327499
10/27/2016,,,,28.525
10/28/2016,,,,28.362499
10/31/2016,,,,28.299999
11/1/2016,,,,27.6325
11/2/2016,,,,27.807501
11/3/2016,,,,27.387501
11/4/2016,,,,27.0275
11/7/2016,,,,27.365
11/8/2016,,,,27.424999
11/9/2016,,,,27.012501
11/10/2016,,,,26.4575
11/11/2016,,,,26.637501
11/14/2016,,,,26.02
11/15/2016,,,,26.540001
11/16/2016,,,,26.65
11/17/2016,,,,27.2075
11/18/2016,,,,27.415001
11/21/2016,,,,27.502501
11/22/2016,,,,27.85
11/23/2016,,,,27.5825
11/25/2016,,,,27.737499
11/28/2016,,,,27.8475
11/29/2016,,,,27.5175
11/30/2016,,,,27.567499
12/1/2016,,,,27.2575
12/2/2016,,,,27.2125
12/5/2016,,,,27.0625
12/6/2016,,,,27.297501
12/7/2016,,,,27.290001
12/8/2016,,,,27.65
12/9/2016,,,,28.077499
12/12/2016,,,,28.122499
12/13/2016,,,,28.4375
12/14/2016,,,,28.745001
12/15/2016,,,,28.807501
12/16/2016,,,,28.9125
12/19/2016,,,,28.9375
12/20/2016,,,,29.17
12/21/2016,,,,29.195
12/22/2016,,,,28.91
12/23/2016,,,,28.897499
12/27/2016,,,,29.122499
12/28/2016,,,,29.049999
12/29/2016,,,,29.1
12/30/2016,,,,28.8575
1/3/2017,,,,28.690001
1/4/2017,,,,28.9375
1/5/2017,,,,28.952499
1/6/2017,,,,29.1175
1/9/2017,,,,29.485001
1/10/2017,,,,29.575001
1/11/2017,,,,29.65
1/12/2017,,,,29.5525
1/13/2017,,,,29.702499
1/17/2017,,,,29.555
1/18/2017,,,,29.9275
1/19/2017,,,,29.842501
1/20/2017,,,,29.932501
1/23/2017,,,,29.942499
1/24/2017,,,,29.875
1/25/2017,,,,30.07
1/26/2017,,,,30.4
1/27/2017,,,,30.4
1/30/2017,,,,30.165001
1/31/2017,,,,30.155001
2/1/2017,,,,31.752501
2/2/2017,,,,31.945
2/3/2017,,,,32.040001
2/6/2017,,,,32.224998
2/7/2017,,,,32.612499
2/8/2017,,,,32.805
2/9/2017,,,,32.779999
2/10/2017,,,,33.012501
2/13/2017,,,,33.1875
2/14/2017,,,,33.3125
2/15/2017,,,,33.654999
2/16/2017,,,,33.709999
2/17/2017,,,,33.775002
2/21/2017,,,,33.994999
2/22/2017,,,,34.0275
2/23/2017,,,,34.075001
2/24/2017,,,,33.82
2/27/2017,,,,34.07
2/28/2017,,,,34.174999
3/1/2017,,,,34.400002
3/2/2017,,,,34.689999
3/3/2017,,,,34.647499
3/6/2017,,,,34.650002
3/7/2017,,,,34.697498
3/8/2017,,,,34.705002
3/9/2017,,,,34.262501
3/10/2017,,,,34.66
3/13/2017,,,,34.705002
3/14/2017,,,,34.709999
3/15/2017,,,,34.7575
3/16/2017,,,,35.064999
3/17/2017,,,,34.9725
3/20/2017,,,,35.057499
3/21/2017,,,,34.932499
3/22/2017,,,,34.939999
3/23/2017,,,,35.1525
3/24/2017,,,,35.087502
3/27/2017,,,,34.654999
3/28/2017,,,,35.154999
3/29/2017,,,,35.797501
3/30/2017,,,,35.875
3/31/2017,,,,35.752499
4/3/2017,,,,35.762501
4/4/2017,,,,35.7925
4/5/2017,,,,35.952499
4/6/2017,,,,35.862499
4/7/2017,,,,35.817501
4/10/2017,,,,35.724998
4/11/2017,,,,35.014999
4/12/2017,,,,35.252499
4/13/2017,,,,35.262501
4/17/2017,,,,35.217499
4/18/2017,,,,35.2775
4/19/2017,,,,35.112499
4/20/2017,,,,35.290001
4/21/2017,,,,35.462502
4/24/2017,,,,35.794998
4/25/2017,,,,35.967499
4/26/2017,,,,35.845001
4/27/2017,,,,35.827499
4/28/2017,,,,35.817501
5/1/2017,,,,36.240002
5/2/2017,,,,36.709999
5/3/2017,,,,36.067501
5/4/2017,,,,36.452499
5/5/2017,,,,36.689999
5/8/2017,,,,37.2575
5/9/2017,,,,38.362499
5/10/2017,,,,38.0275
5/11/2017,,,,38.077499
5/12/2017,,,,38.6675
5/15/2017,,,,38.762501
5/16/2017,,,,38.68
5/17/2017,,,,37.427502
5/18/2017,,,,37.782501
5/19/2017,,,,38.157501
5/22/2017,,,,38.227501
5/23/2017,,,,38.327499
5/24/2017,,,,38.1675
5/25/2017,,,,38.2575
5/26/2017,,,,38.327499
5/30/2017,,,,38.3325
5/31/2017,,,,38.095001
6/1/2017,,,,38.055
6/2/2017,,,,38.2225
6/5/2017,,,,38.365002
6/6/2017,,,,38.445
6/7/2017,,,,38.619999
6/8/2017,,,,38.599998
6/9/2017,,,,36.505001
6/12/2017,,,,35.627499
6/13/2017,,,,36.287498
6/14/2017,,,,35.959999
6/15/2017,,,,35.552502
6/16/2017,,,,35.549999
6/19/2017,,,,35.915001
6/20/2017,,,,36.235001
6/21/2017,,,,36.1525
6/22/2017,,,,36.279999
6/23/2017,,,,36.2775
6/26/2017,,,,36.345001
6/27/2017,,,,35.904999
6/28/2017,,,,35.790001
6/29/2017,,,,35.57
6/30/2017,,,,35.945
7/3/2017,,,,35.775002
7/5/2017,,,,35.68
7/6/2017,,,,35.602501
7/7/2017,,,,35.724998
7/10/2017,,,,35.842499
7/11/2017,,,,36.095001
7/12/2017,,,,36.205002
7/13/2017,,,,36.360001
7/14/2017,,,,36.8325
7/17/2017,,,,37.142502
7/18/2017,,,,37.1675
7/19/2017,,,,37.487499
7/20/2017,,,,37.547501
7/21/2017,,,,37.220001
7/24/2017,,,,37.474998
7/25/2017,,,,37.950001
7/26/2017,,,,38.264999
7/27/2017,,,,36.825001
7/28/2017,,,,37.297501
7/31/2017,,,,37.032501
8/1/2017,,,,37.102501
8/2/2017,,,,39.040001
8/3/2017,,,,38.755001
8/4/2017,,,,38.922501
8/7/2017,,,,39.1675
8/8/2017,,,,39.567501
8/9/2017,,,,39.7775
8/10/2017,,,,38.657501
8/11/2017,,,,39.017502
8/14/2017,,,,39.6875
8/15/2017,,,,40.035
8/16/2017,,,,40.037498
8/17/2017,,,,39.459999
8/18/2017,,,,39.18
8/21/2017,,,,38.7775
8/22/2017,,,,39.505001
8/23/2017,,,,39.720001
8/24/2017,,,,39.637501
8/25/2017,,,,39.817501
8/28/2017,,,,39.982498
8/29/2017,,,,40
8/30/2017,,,,40.6525
8/31/2017,,,,40.869999
9/1/2017,,,,40.907501
9/5/2017,,,,40.139999
9/6/2017,,,,40.130001
9/7/2017,,,,40.09
9/8/2017,,,,39.6325
9/11/2017,,,,39.9725
9/12/2017,,,,39.692501
9/13/2017,,,,39.477501
9/14/2017,,,,39.522499
9/15/2017,,,,39.5
9/18/2017,,,,39.5
9/19/2017,,,,39.610001
9/20/2017,,,,38.4575
9/21/2017,,,,38.1875
9/22/2017,,,,37.639999
9/25/2017,,,,37.290001
9/26/2017,,,,37.922501
9/27/2017,,,,38.384998
9/28/2017,,,,38.174999
9/29/2017,,,,38
10/2/2017,,,,38.18
10/3/2017,,,,38.477501
10/4/2017,,,,38.115002
10/5/2017,,,,38.512501
10/6/2017,,,,38.639999
10/9/2017,,,,38.872501
10/10/2017,,,,38.775002
10/11/2017,,,,38.9375
10/12/2017,,,,38.932499
10/13/2017,,,,39.102501
10/16/2017,,,,39.412498
10/17/2017,,,,39.807499
10/18/2017,,,,39.900002
10/19/2017,,,,38.755001
10/20/2017,,,,38.990002
10/23/2017,,,,38.875
10/24/2017,,,,39.049999
10/25/2017,,,,38.817501
10/26/2017,,,,39.195
10/27/2017,,,,39.674999
10/30/2017,,,,40.93
10/31/2017,,,,41.735001
11/1/2017,,,,41.4025
11/2/2017,,,,41.32
11/3/2017,,,,42.779999
11/6/2017,,,,42.93
11/7/2017,,,,43.400002
11/8/2017,,,,43.5825
11/9/2017,,,,43.285
11/10/2017,,,,43.567501
11/13/2017,,,,43.349998
11/14/2017,,,,42.794998
11/15/2017,,,,42.095001
11/16/2017,,,,42.575001
11/17/2017,,,,42.41
11/20/2017,,,,42.389999
11/21/2017,,,,42.695
11/22/2017,,,,43.262501
11/24/2017,,,,43.662498
11/27/2017,,,,43.334999
11/28/2017,,,,42.965
11/29/2017,,,,41.790001
11/30/2017,,,,42.110001
12/1/2017,,,,42.125
12/4/2017,,,,42.407501
12/5/2017,,,,42.099998
12/6/2017,,,,41.615002
12/7/2017,,,,42.227501
12/8/2017,,,,42.205002
12/11/2017,,,,42.197498
12/12/2017,,,,42.865002
12/13/2017,,,,43
12/14/2017,,,,42.912498
12/15/2017,,,,43.115002
12/18/2017,,,,43.715
12/19/2017,,,,43.522499
12/20/2017,,,,43.3125
12/21/2017,,,,43.525002
12/22/2017,,,,43.625
12/26/2017,,,,42.419998
12/27/2017,,,,42.427502
12/28/2017,,,,42.619999
12/29/2017,,,,42.305
1/2/2018,,,,42.314999
1/3/2018,,,,42.990002
1/4/2018,,,,43.02
1/5/2018,,,,43.262501
1/8/2018,,,,43.482498
1/9/2018,,,,43.352501
1/10/2018,,,,43.25
1/11/2018,,,,43.622501
1/12/2018,,,,43.912498
1/16/2018,,,,44.035
1/17/2018,,,,43.767502
1/18/2018,,,,44.5625
1/19/2018,,,,44.352501
1/22/2018,,,,44.150002
1/23/2018,,,,44.205002
1/24/2018,,,,43.299999
1/25/2018,,,,42.6325
1/26/2018,,,,42.514999
1/29/2018,,,,41.767502
1/30/2018,,,,41.174999
1/31/2018,,,,41.625
2/1/2018,,,,41.689999
2/2/2018,,,,40.025002
2/5/2018,,,,39
2/6/2018,,,,38.5
2/7/2018,,,,39.767502
2/8/2018,,,,38.7575
2/9/2018,,,,37.560001
2/12/2018,,,,39.377499
2/13/2018,,,,40.412498
2/14/2018,,,,40.720001
2/15/2018,,,,42.25
2/16/2018,,,,42.942501
2/20/2018,,,,42.855
2/21/2018,,,,42.752499
2/22/2018,,,,42.927502
2/23/2018,,,,43.384998
2/26/2018,,,,44.052502
2/27/2018,,,,44.540001
2/28/2018,,,,44.512501
3/1/2018,,,,43.165001
3/2/2018,,,,43.112499
3/5/2018,,,,43.630001
3/6/2018,,,,44.032501
3/7/2018,,,,43.567501
3/8/2018,,,,43.767502
3/9/2018,,,,44.3475
3/12/2018,,,,45.052502
3/13/2018,,,,44.810001
3/14/2018,,,,44.452499
3/15/2018,,,,44.517502
3/16/2018,,,,44.404999
3/19/2018,,,,43.415001
3/20/2018,,,,43.735001
3/21/2018,,,,42.814999
3/22/2018,,,,42.150002
3/23/2018,,,,41.235001
3/26/2018,,,,41.610001
3/27/2018,,,,41.73
3/28/2018,,,,41.297501
3/29/2018,,,,41.724998
4/2/2018,,,,41.1175
4/3/2018,,,,41.220001
4/4/2018,,,,41.192501
4/5/2018,,,,43.02
4/6/2018,,,,42.049999
4/9/2018,,,,42.462502
4/10/2018,,,,42.8825
4/11/2018,,,,42.924999
4/12/2018,,,,43.259998
4/13/2018,,,,43.462502
4/16/2018,,,,43.7075
4/17/2018,,,,44.102501
4/18/2018,,,,44.220001
4/19/2018,,,,43.165001
4/20/2018,,,,41.357498
4/23/2018,,,,41.022499
4/24/2018,,,,40.305
4/25/2018,,,,40.602501
4/26/2018,,,,40.842499
4/27/2018,,,,40.157501
4/30/2018,,,,40.459999
5/1/2018,,,,41.317501
5/2/2018,,,,43.450001
5/3/2018,,,,43.610001
5/4/2018,,,,44.5425
5/7/2018,,,,46.1875
5/8/2018,,,,45.9175
5/9/2018,,,,46.305
5/10/2018,,,,46.912498
5/11/2018,,,,46.862499
5/14/2018,,,,46.965
5/15/2018,,,,46.275002
5/16/2018,,,,46.5
5/17/2018,,,,46.59
5/18/2018,,,,46.532501
5/21/2018,,,,46.727501
5/22/2018,,,,46.695
5/23/2018,,,,46.439999
5/24/2018,,,,46.552502
5/25/2018,,,,46.912498
5/29/2018,,,,46.717499
5/30/2018,,,,46.695
5/31/2018,,,,46.535
6/1/2018,,,,46.9375
6/4/2018,,,,47.837502
6/5/2018,,,,48.09
6/6/2018,,,,47.98
6/7/2018,,,,48.084999
6/8/2018,,,,47.442501
6/11/2018,,,,47.552502
6/12/2018,,,,47.787498
6/13/2018,,,,47.610001
6/14/2018,,,,47.555
6/15/2018,,,,47.064999
6/18/2018,,,,46.799999
6/19/2018,,,,45.862499
6/20/2018,,,,46.432499
6/21/2018,,,,46.235001
6/22/2018,,,,46.174999
6/25/2018,,,,45.182499
6/26/2018,,,,45.634998
6/27/2018,,,,46.0075
6/28/2018,,,,45.950001
6/29/2018,,,,45.727501
7/2/2018,,,,45.855
7/3/2018,,,,45.884998
7/5/2018,,,,46.07
7/6/2018,,,,46.299999
7/9/2018,,,,47.325001
7/10/2018,,,,47.544998
7/11/2018,,,,46.9025
7/12/2018,,,,47.327499
7/13/2018,,,,47.724998
7/16/2018,,,,47.605
7/17/2018,,,,47.299999
7/18/2018,,,,47.482498
7/19/2018,,,,47.422501
7/20/2018,,,,47.5425
7/23/2018,,,,47.389999
7/24/2018,,,,48.012501
7/25/2018,,,,48.107498
7/26/2018,,,,48.4025
7/27/2018,,,,47.525002
7/30/2018,,,,47.267502
7/31/2018,,,,47.334999
8/1/2018,,,,49.327499
8/2/2018,,,,50.087502
8/3/2018,,,,51.369999
8/6/2018,,,,51.767502
8/7/2018,,,,51.689999
8/8/2018,,,,51.130001
8/9/2018,,,,51.799999
8/10/2018,,,,51.6675
8/13/2018,,,,51.924999
8/14/2018,,,,52.064999
8/15/2018,,,,52.0825
8/16/2018,,,,52.8675
8/17/2018,,,,53.290001
8/20/2018,,,,53.7775
8/21/2018,,,,53.5075
8/22/2018,,,,53.459999
8/23/2018,,,,53.650002
8/24/2018,,,,53.7775
8/27/2018,,,,54.0825
8/28/2018,,,,54.73
8/29/2018,,,,54.852501
8/30/2018,,,,55.599998
8/31/2018,,,,56.5
9/4/2018,,,,56.657501
9/5/2018,,,,56.275002
9/6/2018,,,,55.325001
9/7/2018,,,,55.177502
9/10/2018,,,,54.1175
9/11/2018,,,,54.139999
9/12/2018,,,,54.959999
9/13/2018,,,,55.642502
9/14/2018,,,,55.630001
9/17/2018,,,,54.317501
9/18/2018,,,,54.279999
9/19/2018,,,,53.825001
9/20/2018,,,,54.787498
9/21/2018,,,,54.322498
9/24/2018,,,,54.157501
9/25/2018,,,,54.924999
9/26/2018,,,,54.939999
9/27/2018,,,,55.884998
9/28/2018,,,,56.005001
10/1/2018,,,,56.587502
10/2/2018,,,,56.657501
10/3/2018,,,,57.445
10/4/2018,,,,56.682499
10/5/2018,,,,55.145
10/8/2018,,,,55.049999
10/9/2018,,,,55.5625
10/10/2018,,,,54.012501
10/11/2018,,,,53.080002
10/12/2018,,,,54.209999
10/15/2018,,,,54.317501
10/16/2018,,,,54.189999
10/17/2018,,,,54.834999
10/18/2018,,,,53.25
10/19/2018,,,,54.357498
10/22/2018,,,,54.735001
10/23/2018,,,,53.674999
10/24/2018,,,,53.634998
10/25/2018,,,,54.1875
10/26/2018,,,,53.1675
10/29/2018,,,,51.522499
10/30/2018,,,,52.317501
10/31/2018,,,,54.154999
11/1/2018,,,,54.202499
11/2/2018,,,,51.357498
11/5/2018,,,,49.5425
11/6/2018,,,,50.422501
11/7/2018,,,,51.032501
11/8/2018,,,,51.6875
11/9/2018,,,,50.5625
11/12/2018,,,,48.447498
11/13/2018,,,,47.862499
11/14/2018,,,,46.482498
11/15/2018,,,,46.724998
11/16/2018,,,,47.365002
11/19/2018,,,,46.247501
11/20/2018,,,,43.877499
11/21/2018,,,,44.137501
11/23/2018,,,,43.025002
11/26/2018,,,,42.564999
11/27/2018,,,,42.720001
11/28/2018,,,,43.732498
11/29/2018,,,,44.424999
11/30/2018,,,,44.2575
12/3/2018,,,,45.302502
12/4/2018,,,,44.067501
12/6/2018,,,,42.605
12/7/2018,,,,42.075001
12/10/2018,,,,40.8325
12/11/2018,,,,41.75
12/12/2018,,,,42.255001
12/13/2018,,,,42.387501
12/14/2018,,,,41.32
12/17/2018,,,,40.682499
12/18/2018,,,,41.0975
12/19/2018,,,,39.772499
12/20/2018,,,,38.825001
12/21/2018,,,,37.407501
12/24/2018,,,,36.647499
12/26/2018,,,,36.68
12/27/2018,,,,37.517502
12/28/2018,,,,38.637501
12/31/2018,,,,39.119999
1/2/2019,,,,38.557499
1/3/2019,,,,35.5
1/4/2019,,,,35.950001
1/7/2019,,,,36.474998
1/8/2019,,,,37.130001
1/9/2019,,,,37.407501
1/10/2019,,,,37.715
1/11/2019,,,,37.877499
1/14/2019,,,,37.305
1/15/2019,,,,37.512501
1/16/2019,,,,38.25
1/17/2019,,,,38.314999
1/18/2019,,,,38.994999
1/22/2019,,,,38.154999
1/23/2019,,,,37.924999
1/24/2019,,,,37.935001
1/25/2019,,,,38.580002
1/28/2019,,,,38.415001
1/29/2019,,,,38.5275
1/30/2019,,,,40.057499
1/31/2019,,,,41.139999
2/1/2019,,,,41.482498
2/4/2019,,,,41.82
2/5/2019,,,,43.087502
2/6/2019,,,,43.212502
2/7/2019,,,,42.584999
2/8/2019,,,,42.105
2/11/2019,,,,42.3125
2/12/2019,,,,42.424999
2/13/2019,,,,42.48
2/14/2019,,,,42.345001
2/15/2019,,,,42.4375
2/19/2019,,,,42.372501
2/20/2019,,,,42.747501
2/21/2019,,,,42.575001
2/22/2019,,,,42.845001
2/25/2019,,,,43.487499
2/26/2019,,,,43.2925
2/27/2019,,,,43.182499
2/28/2019,,,,43.23
3/1/2019,,,,43.2225
3/4/2019,,,,43.4925
3/5/2019,,,,43.634998
3/6/2019,,,,43.485001
3/7/2019,,,,43.005001
3/8/2019,,,,42.375
3/11/2019,,,,43.837502
3/12/2019,,,,44.842499
3/13/2019,,,,45.23
3/14/2019,,,,45.639999
3/15/2019,,,,45.935001
3/18/2019,,,,46.447498
3/19/2019,,,,46.48
3/20/2019,,,,46.182499
3/21/2019,,,,47.452499
3/22/2019,,,,47.695
3/25/2019,,,,46.650002
3/26/2019,,,,46.145
3/27/2019,,,,46.637501
3/28/2019,,,,46.8825
3/29/2019,,,,47.134998
4/1/2019,,,,47.095001
4/2/2019,,,,47.762501
4/3/2019,,,,48.287498
4/4/2019,,,,48.285
4/5/2019,,,,48.982498
4/8/2019,,,,49.084999
4/9/2019,,,,49.807499
4/10/2019,,,,49.544998
4/11/2019,,,,49.610001
4/12/2019,,,,49.052502
4/15/2019,,,,49.502499
4/16/2019,,,,49.639999
4/17/2019,,,,49.6525
4/18/2019,,,,50.630001
4/22/2019,,,,50.584999
4/23/2019,,,,50.974998
4/24/2019,,,,51.762501
4/25/2019,,,,51.279999
4/26/2019,,,,50.529999
4/29/2019,,,,50.965
4/30/2019,,,,49.7775
5/1/2019,,,,52.307499
5/2/2019,,,,52.032501
5/3/2019,,,,52.557499
5/6/2019,,,,50.875
5/7/2019,,,,50.2075
5/8/2019,,,,50.4375
5/9/2019,,,,49.165001
5/10/2019,,,,48.192501
5/13/2019,,,,45.712502
5/14/2019,,,,46.352501
5/15/2019,,,,46.505001
5/16/2019,,,,47.209999
5/17/2019,,,,46.689999
5/20/2019,,,,45.07
5/21/2019,,,,46.174999
5/22/2019,,,,45.637501
5/23/2019,,,,44.452499
5/24/2019,,,,44.654999
5/28/2019,,,,44.477501
5/29/2019,,,,44
5/30/2019,,,,44.1675
5/31/2019,,,,43.747501
6/3/2019,,,,42.567501
6/4/2019,,,,43.630001
6/5/2019,,,,45.285
6/6/2019,,,,45.537498
6/7/2019,,,,46.442501
6/10/2019,,,,47.904999
6/11/2019,,,,48.400002
6/12/2019,,,,48.3475
6/13/2019,,,,48.400002
6/14/2019,,,,47.575001
6/17/2019,,,,48.0425
6/18/2019,,,,48.802502
6/19/2019,,,,49.327499
6/20/2019,,,,49.5075
6/21/2019,,,,49.537498
6/24/2019,,,,49.5425
6/25/2019,,,,48.822498
6/26/2019,,,,49.337502
6/27/2019,,,,49.892502
6/28/2019,,,,49.262501
7/1/2019,,,,50.162498
7/2/2019,,,,50.34
7/3/2019,,,,50.672501
7/5/2019,,,,50.724998
7/8/2019,,,,49.602501
7/9/2019,,,,49.702499
7/10/2019,,,,50.389999
7/11/2019,,,,50.427502
7/12/2019,,,,50.549999
7/15/2019,,,,51
7/16/2019,,,,50.875
7/17/2019,,,,50.817501
7/18/2019,,,,50.924999
7/19/2019,,,,50.59
7/22/2019,,,,50.9025
7/23/2019,,,,51.822498
7/24/2019,,,,51.7925
7/25/2019,,,,51.682499
7/26/2019,,,,51.785
7/29/2019,,,,52.110001
7/30/2019,,,,51.827499
7/31/2019,,,,52.825001
8/1/2019,,,,51.685001
8/2/2019,,,,50.407501
8/5/2019,,,,48.145
8/6/2019,,,,48.509998
8/7/2019,,,,48.455002
8/8/2019,,,,49.8475
8/9/2019,,,,49.822498
8/12/2019,,,,49.787498
8/13/2019,,,,50.119999
8/14/2019,,,,50.647499
8/15/2019,,,,49.9175
8/16/2019,,,,50.959999
8/19/2019,,,,52.5075
8/20/2019,,,,52.580002
8/21/2019,,,,52.900002
8/22/2019,,,,52.6875
8/23/2019,,,,50.25
8/26/2019,,,,51.264999
8/27/2019,,,,50.8825
8/28/2019,,,,50.830002
8/29/2019,,,,51.665001
8/30/2019,,,,51.799999
9/3/2019,,,,51.055
9/4/2019,,,,51.830002
9/5/2019,,,,52.877499
9/6/2019,,,,53.127499
9/9/2019,,,,52.767502
9/10/2019,,,,52.927502
9/11/2019,,,,54.432499
9/12/2019,,,,55.715
9/13/2019,,,,54.255001
9/16/2019,,,,54.389999
9/17/2019,,,,54.779999
9/18/2019,,,,54.860001
9/19/2019,,,,55.092499
9/20/2019,,,,54.3675
9/23/2019,,,,54.412498
9/24/2019,,,,54.297501
9/25/2019,,,,54.285
9/26/2019,,,,54.7075
9/27/2019,,,,54.32
9/30/2019,,,,55.197498
10/1/2019,,,,56.049999
10/2/2019,,,,54.482498
10/3/2019,,,,53.782501
10/4/2019,,,,55.9725
10/7/2019,,,,56.459999
10/8/2019,,,,56.0825
10/9/2019,,,,56.41
10/10/2019,,,,56.825001
10/11/2019,,,,58.077499
10/14/2019,,,,58.6675
10/15/2019,,,,58.720001
10/16/2019,,,,58.299999
10/17/2019,,,,58.380001
10/18/2019,,,,58.572498
10/21/2019,,,,59.330002
10/22/2019,,,,59.904999
10/23/2019,,,,60.305
10/24/2019,,,,60.452499
10/25/2019,,,,60.720001
10/28/2019,,,,61.68
10/29/2019,,,,60.642502
10/30/2019,,,,60.302502
10/31/2019,,,,59.314999
11/1/2019,,,,62.290001
11/4/2019,,,,63.845001
11/5/2019,,,,64.080002
11/6/2019,,,,63.842499
11/7/2019,,,,64.527496
11/8/2019,,,,64.212502
11/11/2019,,,,64.57
11/12/2019,,,,65.230003
11/13/2019,,,,65.267502
11/14/2019,,,,65.525002
11/15/2019,,,,65.752502
11/18/2019,,,,66.057503
11/19/2019,,,,66.347504
11/20/2019,,,,65.099998
11/21/2019,,,,65.294998
11/22/2019,,,,65.209999
11/25/2019,,,,65.629997
11/26/2019,,,,65.625
11/27/2019,,,,66.327499
11/29/2019,,,,66.474998
12/2/2019,,,,65.862503
12/3/2019,,,,64.072502
12/4/2019,,,,65.169998
12/5/2019,,,,65.682503
12/6/2019,,,,66.824997
12/9/2019,,,,66.227501
12/10/2019,,,,66.464996
12/11/2019,,,,67.125
12/12/2019,,,,66.830002
12/13/2019,,,,67.732498
12/16/2019,,,,69.245003
12/17/2019,,,,69.699997
12/18/2019,,,,69.779999
12/19/2019,,,,69.737503
12/20/2019,,,,69.639999
12/23/2019,,,,70.092499
12/24/2019,,,,70.730003
12/26/2019,,,,71.175003
12/27/2019,,,,72.029999
12/30/2019,,,,71.305
12/31/2019,,,,72.379997
1/2/2020,,,,73.797501
1/3/2020,,,,74.125
1/6/2020,,,,73.1875
1/7/2020,,,,74.370003
1/8/2020,,,,74.290001
1/9/2020,,,,76.550003
1/10/2020,,,,77.0625
1/13/2020,,,,77.787498
1/14/2020,,,,78.042503
1/15/2020,,,,77.387497
1/16/2020,,,,78.022499
1/17/2020,,,,78.75
1/21/2020,,,,79
1/22/2020,,,,79.327499
1/23/2020,,,,78.912498
1/24/2020,,,,79.379997
1/27/2020,,,,76.220001
1/28/2020,,,,78.047501
1/29/2020,,,,80.345001
1/30/2020,,,,79.6875
1/31/2020,,,,77.072502
2/3/2020,,,,75.555
2/4/2020,,,,78.407501
2/5/2020,,,,79.737503
2/6/2020,,,,80.065002
2/7/2020,,,,79.5
2/10/2020,,,,78.462502
2/11/2020,,,,79.677498
2/12/2020,,,,80.3675
2/13/2020,,,,80.837502
2/14/2020,,,,80.712502
2/18/2020,,,,78.652496
2/19/2020,,,,80
2/20/2020,,,,79.552498
2/21/2020,,,,77.625
2/24/2020,,,,72.307503
2/25/2020,,,,71.532501
2/26/2020,,,,71.625
2/27/2020,,,,68.239998
2/28/2020,,,,64.092499
3/2/2020,,,,69.43
3/3/2020,,,,71.449997
3/4/2020,,,,73.282501
3/5/2020,,,,72.852501
3/6/2020,,,,70.307503
3/9/2020,,,,65.75
3/10/2020,,,,67.342499
3/11/2020,,,,67.964996
3/12/2020,,,,62
3/13/2020,,,,63.237499
3/16/2020,,,,60
3/17/2020,,,,59.599998
3/18/2020,,,,59.279999
3/19/2020,,,,60.6525
3/20/2020,,,,57
3/23/2020,,,,53.1525
3/24/2020,,,,58.575001
3/25/2020,,,,61.075001
3/26/2020,,,,61.59
3/27/2020,,,,61.762501
3/30/2020,,,,62.349998
3/31/2020,,,,63
4/1/2020,,,,59.782501
4/2/2020,,,,59.224998
4/3/2020,,,,59.7425
4/6/2020,,,,62.345001
4/7/2020,,,,64.75
4/8/2020,,,,65.307503
4/9/2020,,,,66.175003
4/13/2020,,,,66.457497
4/14/2020,,,,69.512497
4/15/2020,,,,70.157501
4/16/2020,,,,70.587502
4/17/2020,,,,69.214996
4/20/2020,,,,69.212502
4/21/2020,,,,66.357498
4/22/2020,,,,68.050003
4/23/2020,,,,68.717499
4/24/2020,,,,69.25
4/27/2020,,,,69.987503
4/28/2020,,,,69.550003
4/29/2020,,,,70.972504
4/30/2020,,,,72.087502
5/1/2020,,,,71.462502
5/4/2020,,,,71.580002
5/5/2020,,,,73.614998
5/6/2020,,,,74.717499
5/7/2020,,,,75.4925
5/8/2020,,,,76.072502
5/11/2020,,,,76.809998
5/12/2020,,,,77.727501
5/13/2020,,,,75.802498
5/14/2020,,,,75.3825
5/15/2020,,,,75.052498
5/18/2020,,,,77.580002
5/19/2020,,,,78.252502
5/20/2020,,,,79.129997
5/21/2020,,,,78.967499
5/22/2020,,,,78.837502
5/26/2020,,,,79.125
5/27/2020,,,,78.272499
5/28/2020,,,,78.907501
5/29/2020,,,,79.1175
6/1/2020,,,,79.302498
6/2/2020,,,,79.732498
6/3/2020,,,,80.574997
6/4/2020,,,,80.195
6/5/2020,,,,80.807503
6/8/2020,,,,81.830002
6/9/2020,,,,83.002502
6/10/2020,,,,86.522499
6/11/2020,,,,83.870003
6/12/2020,,,,83.555
6/15/2020,,,,83.144997
6/16/2020,,,,86.18
6/17/2020,,,,87.772499
6/18/2020,,,,87.305
6/19/2020,,,,86.287498
6/22/2020,,,,87.787498
6/23/2020,,,,90.567497
6/24/2020,,,,89.629997
6/25/2020,,,,89.392502
6/26/2020,,,,88.254997
6/29/2020,,,,87.82
6/30/2020,,,,90
7/1/2020,,,,90.977501
7/2/2020,,,,90.910004
7/6/2020,,,,92.467499
7/7/2020,,,,93.057503
7/8/2020,,,,94.089996
7/9/2020,,,,94.672501
7/10/2020,,,,94.705002
7/13/2020,,,,95.2575
7/14/2020,,,,93.877502
7/15/2020,,,,96.489998
7/16/2020,,,,95.904999
7/17/2020,,,,95.839996
7/20/2020,,,,96.0625
7/21/2020,,,,96.7425
7/22/2020,,,,96.602501
7/23/2020,,,,92.010002
7/24/2020,,,,89.144997
7/27/2020,,,,93.480003
7/28/2020,,,,93.247498
7/29/2020,,,,93.712502
7/30/2020,,,,93.767502
7/31/2020,,,,100.824997
8/3/2020,,,,107.892502
8/4/2020,,,,108.387497
8/5/2020,,,,108.897499
8/6/2020,,,,109.797501
8/7/2020,,,,110.292503
8/10/2020,,,,110
8/11/2020,,,,109.107498
8/12/2020,,,,110.297501
8/13/2020,,,,113.927498
8/14/2020,,,,113.044998
8/17/2020,,,,113.962502
8/18/2020,,,,114.0075
8/19/2020,,,,115.610001
8/20/2020,,,,115.732498
8/21/2020,,,,119.25
8/24/2020,,,,123.9375
8/25/2020,,,,123.052498
8/26/2020,,,,125.082497
8/27/2020,,,,123.832497
8/28/2020,,,,124.577499
8/31/2020,,,,126
9/1/2020,,,,130.529999
9/2/2020,,,,127
9/3/2020,,,,120.5
9/4/2020,,,,110.889999
9/8/2020,,,,112.68
9/9/2020,,,,115.260002
9/10/2020,,,,112.5
9/11/2020,,,,110
9/14/2020,,,,112.800003
9/15/2020,,,,113.610001
9/16/2020,,,,112.040001
9/17/2020,,,,108.709999
9/18/2020,,,,106.089996
9/21/2020,,,,103.099998
9/22/2020,,,,109.160004
9/23/2020,,,,106.769997
9/24/2020,,,,105
9/25/2020,,,,107.669998
9/28/2020,,,,112.779999
9/29/2020,,,,113.57
9/30/2020,,,,113.620003
10/1/2020,,,,115.830002
10/2/2020,,,,112.220001
10/5/2020,,,,113.550003
10/6/2020,,,,112.25
10/7/2020,,,,114.129997
10/8/2020,,,,114.589996
10/9/2020,,,,114.919998
10/12/2020,,,,119.279999
10/13/2020,,,,119.650002
10/14/2020,,,,119.620003
10/15/2020,,,,118.150002
10/16/2020,,,,118.809998
10/19/2020,,,,115.660004
10/20/2020,,,,115.629997
10/21/2020,,,,116.449997
10/22/2020,,,,114.589996
10/23/2020,,,,114.279999
10/26/2020,,,,112.879997
10/27/2020,,,,114.540001
10/28/2020,,,,111.099998
10/29/2020,,,,112.199997
10/30/2020,,,,107.720001
11/2/2020,,,,107.32
11/3/2020,,,,108.730003
11/4/2020,,,,112.349998
11/5/2020,,,,116.870003
11/6/2020,,,,116.129997
11/9/2020,,,,116.050003
11/10/2020,,,,114.129997
11/11/2020,,,,116.440002
11/12/2020,,,,118.57
11/13/2020,,,,117.870003
11/16/2020,,,,118.150002
11/17/2020,,,,118.959999
11/18/2020,,,,118
11/19/2020,,,,116.809998
11/20/2020,,,,117.290001
11/23/2020,,,,113.75
11/24/2020,,,,112.589996
11/25/2020,,,,115.169998
11/27/2020,,,,116.220001
11/30/2020,,,,116.809998
12/1/2020,,,,120.010002
12/2/2020,,,,120.889999
12/3/2020,,,,122.209999
12/4/2020,,,,121.519997
12/7/2020,,,,122.25
12/8/2020,,,,123.089996
12/9/2020,,,,121
12/10/2020,,,,120.150002
12/11/2020,,,,120.550003
12/14/2020,,,,121.540001
12/15/2020,,,,124.129997
12/16/2020,,,,126.559998
12/17/2020,,,,128.039993
12/18/2020,,,,126.120003
12/21/2020,,,,123.449997
12/22/2020,,,,129.649994
12/23/2020,,,,130.779999
12/24/2020,,,,131.100006
12/28/2020,,,,133.509995
12/29/2020,,,,134.339996
12/30/2020,,,,133.399994
12/31/2020,,,,131.720001
1/4/2021,,,,126.760002
1/5/2021,,,,128.429993
1/6/2021,,,,126.379997
1/7/2021,,,,127.860001
1/8/2021,,,,130.229996
1/11/2021,,,,128.5
1/12/2021,,,,126.860001
1/13/2021,,,,128.490005
1/14/2021,,,,128.759995
1/15/2021,,,,127
1/19/2021,,,,126.940002
1/20/2021,,,,128.550003
1/21/2021,,,,133.589996
1/22/2021,,,,135.020004
1/25/2021,,,,136.539993
1/26/2021,,,,141.369995
1/27/2021,,,,140.410004
1/28/2021,,,,136.699997
1/29/2021,,,,130.210007
2/1/2021,,,,130.929993
2/2/2021,,,,134.610001
2/3/2021,,,,133.610001
2/4/2021,,,,134.589996
2/5/2021,,,,135.860001
2/8/2021,,,,134.919998
2/9/2021,,,,135.850006
2/10/2021,,,,134.399994
2/11/2021,,,,133.770004
2/12/2021,,,,133.690002
2/16/2021,,,,132.789993
2/17/2021,,,,129.470001
2/18/2021,,,,127.410004
2/19/2021,,,,128.800003
2/22/2021,,,,125.599998
2/23/2021,,,,118.389999
2/24/2021,,,,122.230003
2/25/2021,,,,120.540001
2/26/2021,,,,121.199997
3/1/2021,,,,122.790001
3/2/2021,,,,125.010002
3/3/2021,,,,121.839996
3/4/2021,,,,118.620003
3/5/2021,,,,117.57
3/8/2021,,,,116.209999
3/9/2021,,,,118.790001
3/10/2021,,,,119.449997
3/11/2021,,,,121.260002
3/12/2021,,,,119.160004
3/15/2021,,,,120.419998
3/16/2021,,,,124.720001
3/17/2021,,,,122.339996
3/18/2021,,,,120.32
3/19/2021,,,,119.68
3/22/2021,,,,120.260002
3/23/2021,,,,122.139999
3/24/2021,,,,120.07
3/25/2021,,,,119
3/26/2021,,,,118.919998
3/29/2021,,,,120.730003
3/30/2021,,,,118.860001
3/31/2021,,,,121.150002
4/1/2021,,,,122.489998
4/5/2021,,,,123.07
4/6/2021,,,,125.650002
4/7/2021,,,,125.139999
4/8/2021,,,,128.520004
4/9/2021,,,,129.470001
4/12/2021,,,,130.630005
4/13/2021,,,,131.929993
4/14/2021,,,,131.660004
4/15/2021,,,,133.639999
4/16/2021,,,,133.279999
4/19/2021,,,,133.339996
4/20/2021,,,,131.809998
4/21/2021,,,,131.300003
4/22/2021,,,,131.410004
4/23/2021,,,,132.160004
4/26/2021,,,,133.559998
4/27/2021,,,,134.110001
4/28/2021,,,,133.080002
4/29/2021,,,,132.449997
4/30/2021,,,,131.070007
5/3/2021,,,,131.830002
5/4/2021,,,,126.699997
5/5/2021,,,,127.970001
5/6/2021,,,,127.129997
5/7/2021,,,,129.479996
5/10/2021,,,,126.809998
5/11/2021,,,,122.769997
5/12/2021,,,,122.25
5/13/2021,,,,124.260002
5/14/2021,,,,125.849998
5/17/2021,,,,125.169998
5/18/2021,,,,124.779999
5/19/2021,,,,122.860001
5/20/2021,,,,125.099998
5/21/2021,,,,125.209999
5/24/2021,,,,125.940002
5/25/2021,,,,126.32
5/26/2021,,,,126.419998
5/27/2021,,,,125.080002
5/28/2021,,,,124.550003
6/1/2021,,,,123.940002
6/2/2021,,,,124.050003
6/3/2021,,,,123.129997
6/4/2021,,,,123.849998
6/7/2021,,,,124.830002
6/8/2021,,,,126.209999
6/9/2021,,,,126.519997
6/10/2021,,,,125.940002
6/11/2021,,,,126.099998
6/14/2021,,,,127.07
6/15/2021,,,,129.389999
6/16/2021,,,,128.460007
6/17/2021,,,,129.649994
6/18/2021,,,,130.240005
6/21/2021,,,,129.210007
6/22/2021,,,,131.619995
6/23/2021,,,,133.229996
6/24/2021,,,,132.929993
6/25/2021,,,,132.809998
6/28/2021,,,,133.350006
6/29/2021,,,,134.350006
6/30/2021,,,,135.869995
7/1/2021,,,,135.759995
7/2/2021,,,,137.75
7/6/2021,,,,140.070007
7/7/2021,,,,142.660004
7/8/2021,,,,140.669998
7/9/2021,,,,142.649994
7/12/2021,,,,144
7/13/2021,,,,143.630005
7/14/2021,,,,147.679993
7/15/2021,,,,147.089996
7/16/2021,,,,145.880005
7/19/2021,,,,141.669998
7/20/2021,,,,142.960007
7/21/2021,,,,144.630005
7/22/2021,,,,145.809998
7/23/2021,,,,146.919998
7/26/2021,,,,147.699997
7/27/2021,,,,145.550003
7/28/2021,,,,142.539993
7/29/2021,,,,144.580002
7/30/2021,,,,144.110001
8/2/2021,,,,145.25
8/3/2021,,,,145.179993
8/4/2021,,,,146.279999
8/5/2021,,,,146.169998
8/6/2021,,,,145.630005
8/9/2021,,,,145.520004
8/10/2021,,,,145.300003
8/11/2021,,,,145.529999
8/12/2021,,,,145.839996
8/13/2021,,,,148.270004
8/16/2021,,,,146.470001
8/17/2021,,,,149.089996
8/18/2021,,,,146.149994
8/19/2021,,,,144.5
8/20/2021,,,,146.779999
8/23/2021,,,,147.889999
8/24/2021,,,,149.149994
8/25/2021,,,,147.800003
8/26/2021,,,,147.509995
8/27/2021,,,,146.830002
8/30/2021,,,,148.610001
8/31/2021,,,,151.289993
9/1/2021,,,,152.339996
9/2/2021,,,,152.399994
9/3/2021,,,,153.089996
9/7/2021,,,,154.389999
9/8/2021,,,,153.979996
9/9/2021,,,,153.949997
9/10/2021,,,,148.699997
9/13/2021,,,,148.75
9/14/2021,,,,146.910004
9/15/2021,,,,146.369995
9/16/2021,,,,147.220001
9/17/2021,,,,145.759995
9/20/2021,,,,141.270004
9/21/2021,,,,142.779999
9/22/2021,,,,143.699997
9/23/2021,,,,145.639999
9/24/2021,,,,145.559998
9/27/2021,,,,143.820007
9/28/2021,,,,141.690002
9/29/2021,,,,142.029999
9/30/2021,,,,141.279999
10/1/2021,,,,139.110001
10/4/2021,,,,138.270004
10/5/2021,,,,139.360001
10/6/2021,,,,138.369995
10/7/2021,,,,142.720001
10/8/2021,,,,142.559998
10/11/2021,,,,141.809998
10/12/2021,,,,141.039993
10/13/2021,,,,139.199997
10/14/2021,,,,141.509995
10/15/2021,,,,143.509995
10/18/2021,,,,143.160004
10/19/2021,,,,146.550003
10/20/2021,,,,148.119995
10/21/2021,,,,147.869995
10/22/2021,,,,148.639999
10/25/2021,,,,147.619995
10/26/2021,,,,149.009995
10/27/2021,,,,148.490005
10/28/2021,,,,149.720001
10/29/2021,,,,146.410004
11/1/2021,,,,147.800003
11/2/2021,,,,148.649994
11/3/2021,,,,149.820007
11/4/2021,,,,150.639999
11/5/2021,,,,150.059998
11/8/2021,,,,150.160004
11/9/2021,,,,150.059998
11/10/2021,,,,147.850006
11/11/2021,,,,147.679993
11/12/2021,,,,147.479996
11/15/2021,,,,149.429993
11/16/2021,,,,149.339996
11/17/2021,,,,150.990005
11/18/2021,,,,153.050003
11/19/2021,,,,156.529999
11/22/2021,,,,161
11/23/2021,,,,159.059998
11/24/2021,,,,159.639999
11/26/2021,,,,156.360001
11/29/2021,,,,158.789993
11/30/2021,,,,159.919998
12/1/2021,,,,164.529999
12/2/2021,,,,157.800003
12/3/2021,,,,159.720001
12/6/2021,,,,164.279999
12/7/2021,,,,168.339996
12/8/2021,,,,170.699997
12/9/2021,,,,173.919998
12/10/2021,,,,174.690002
12/13/2021,,,,175.529999
12/14/2021,,,,172.210007
12/15/2021,,,,172.309998
12/16/2021,,,,170.75
12/17/2021,,,,169.690002
12/20/2021,,,,167.460007
12/21/2021,,,,169.119995
12/22/2021,,,,172.149994
12/23/2021,,,,175.270004
12/27/2021,,,,177.070007
12/28/2021,,,,178.529999
12/29/2021,,,,178.139999
12/30/2021,,,,178.089996
12/31/2021,,,,177.259995
1/3/2022,,,,177.710007
1/4/2022,,,,179.119995
1/5/2022,,,,174.639999
1/6/2022,,,,171.639999
1/7/2022,,,,171.029999
1/10/2022,,,,168.169998
1/11/2022,,,,170.820007
1/12/2022,,,,174.820007
1/13/2022,,,,171.789993
1/14/2022,,,,171.089996
1/18/2022,,,,169.410004
1/19/2022,,,,165.940002
1/20/2022,,,,164.179993
1/21/2022,,,,162.300003
1/24/2022,,,,154.699997
1/25/2022,,,,157.020004
1/26/2022,,,,157.820007
1/27/2022,,,,158.279999
1/28/2022,,,,162.800003
1/31/2022,,,,169.509995
2/1/2022,,,,172.309998
2/2/2022,,,,173.330002
2/3/2022,,,,172.119995
2/4/2022,,,,170.679993
2/7/2022,,,,170.949997
2/8/2022,,,,171.429993
2/9/2022,,,,174.899994
2/10/2022,,,,171.550003
2/11/2022,,,,168.039993
2/14/2022,,,,166.559998
2/15/2022,,,,170.25
2/16/2022,,,,170.050003
2/17/2022,,,,168.470001
2/18/2022,,,,166.190002
2/22/2022,,,,162.149994
2/23/2022,,,,159.75
2/24/2022,,,,152
2/25/2022,,,,160.869995
2/28/2022,,,,162.429993
3/1/2022,,,,161.970001
3/2/2022,,,,162.949997
3/3/2022,,,,165.550003
3/4/2022,,,,162.100006
3/7/2022,,,,159.039993
3/8/2022,,,,155.800003
3/9/2022,,,,159.410004
3/10/2022,,,,155.979996
3/11/2022,,,,154.5
3/14/2022,,,,150.100006
3/15/2022,,,,150.380005
3/16/2022,,,,154.460007
3/17/2022,,,,157.630005
3/18/2022,,,,159.759995
3/21/2022,,,,163.009995
3/22/2022,,,,164.910004
3/23/2022,,,,167.649994
3/24/2022,,,,170.210007
3/25/2022,,,,172.75
3/28/2022,,,,172
3/29/2022,,,,176.339996
3/30/2022,,,,176.699997
3/31/2022,,,,174.399994
4/1/2022,,,,171.940002
4/4/2022,,,,174.440002
4/5/2022,,,,174.419998
4/6/2022,,,,170.130005
4/7/2022,,,,169.850006
4/8/2022,,,,169.199997
4/11/2022,,,,165.5
4/12/2022,,,,166.639999
4/13/2022,,,,166.770004
4/14/2022,,,,165.039993
4/18/2022,,,,163.570007
4/19/2022,,,,163.910004
4/20/2022,,,,166.100006
4/21/2022,,,,165.910004
4/22/2022,,,,161.5
4/25/2022,,,,158.460007
4/26/2022,,,,156.720001
4/27/2022,,,,155.380005
4/28/2022,,,,158.929993
4/29/2022,,,,157.25
5/2/2022,,,,153.270004
5/3/2022,,,,156.320007
5/4/2022,,,,159.259995
5/5/2022,,,,154.949997
5/6/2022,,,,154.179993
5/9/2022,,,,151.490005
5/10/2022,,,,152.929993
5/11/2022,,,,145.809998
5/12/2022,,,,138.800003
5/13/2022,,,,143.110001
5/16/2022,,,,144.179993
5/17/2022,,,,146.679993
5/18/2022,,,,139.899994
5/19/2022,,,,136.600006
5/20/2022,,,,132.610001
5/23/2022,,,,137.649994
5/24/2022,,,,137.330002
5/25/2022,,,,138.339996
5/26/2022,,,,137.139999
5/27/2022,,,,145.259995
5/31/2022,,,,146.839996
6/1/2022,,,,147.679993
6/2/2022,,,,146.860001
6/3/2022,,,,144.460007
6/6/2022,,,,144.899994
6/7/2022,,,,144.100006
6/8/2022,,,,147.460007
6/9/2022,,,,142.529999
6/10/2022,,,,137.059998
6/13/2022,,,,131.440002
6/14/2022,,,,131.479996
6/15/2022,,,,132.160004
6/16/2022,,,,129.039993
6/17/2022,,,,129.809998
6/21/2022,,,,133.320007
6/22/2022,,,,133.910004
6/23/2022,,,,135.630005
6/24/2022,,,,139.770004
6/27/2022,,,,140.970001
6/28/2022,,,,137.320007
6/29/2022,,,,136.669998
6/30/2022,,,,133.770004
7/1/2022,,,,135.660004
7/5/2022,,,,136.929993
7/6/2022,,,,141.080002
7/7/2022,,,,143.279999
7/8/2022,,,,145
7/11/2022,,,,143.779999
7/12/2022,,,,145.050003
7/13/2022,,,,142.119995
7/14/2022,,,,143.25
7/15/2022,,,,148.199997
7/18/2022,,,,146.699997
7/19/2022,,,,146.910004
7/20/2022,,,,150.369995
7/21/2022,,,,151.940002
7/22/2022,,,,153.410004
7/25/2022,,,,152.279999
7/26/2022,,,,150.800003
7/27/2022,,,,152.160004
7/28/2022,,,,154.410004
7/29/2022,,,,159.5
8/1/2022,,,,160.889999
8/2/2022,,,,159.630005
8/3/2022,,,,160.75
8/4/2022,,,,164.429993
8/5/2022,,,,163
8/8/2022,,,,164.199997
8/9/2022,,,,163.25
8/10/2022,,,,166.899994
8/11/2022,,,,168.190002
8/12/2022,,,,169.399994
8/15/2022,,,,171.350006
8/16/2022,,,,171.660004
8/17/2022,,,,172.570007
8/18/2022,,,,173.119995
8/19/2022,,,,171.309998
8/22/2022,,,,167.139999
8/23/2022,,,,166.649994
8/24/2022,,,,166.25
8/25/2022,,,,168.350006
8/26/2022,,,,163.559998
8/29/2022,,,,159.820007
8/30/2022,,,,157.720001
8/31/2022,,,,157.139999
9/1/2022,,,,154.669998
9/2/2022,,,,154.970001
9/6/2022,,,,153.690002
9/7/2022,,,,153.610001
9/8/2022,,,,152.679993
9/9/2022,,,,154.75
9/12/2022,,,,159.300003
9/13/2022,,,,153.369995
9/14/2022,,,,153.610001
9/15/2022,,,,151.380005
9/16/2022,,,,148.369995
9/19/2022,,,,149.100006
9/20/2022,,,,153.080002
9/21/2022,,,,153.600006
9/22/2022,,,,150.910004
9/23/2022,,,,148.559998
9/26/2022,,,,149.639999
9/27/2022,,,,149.949997
9/28/2022,,,,144.839996
9/29/2022,,,,140.679993
9/30/2022,,,,138
10/3/2022,,,,137.690002
10/4/2022,,,,144.259995
10/5/2022,,,,143.009995
10/6/2022,,,,145.220001
10/7/2022,,,,139.449997
10/10/2022,,,,138.570007
10/11/2022,,,,138.220001
10/12/2022,,,,138.160004
10/13/2022,,,,134.369995
10/14/2022,,,,138.190002
10/17/2022,,,,140.270004
10/18/2022,,,,140.610001
10/19/2022,,,,141.5
10/20/2022,,,,142.649994
10/21/2022,,,,142.649994
10/24/2022,,,,146
10/25/2022,,,,149.360001
10/26/2022,,,,148.039993
10/27/2022,,,,144.130005
10/28/2022,,,,147.820007
10/31/2022,,,,151.919998
11/1/2022,,,,149.130005
11/2/2022,,,,145
11/3/2022,,,,138.75
11/4/2022,,,,134.380005
11/7/2022,,,,135.669998
11/8/2022,,,,137.490005
11/9/2022,,,,134.589996
11/10/2022,,,,139.5
11/11/2022,,,,144.369995
11/14/2022,,,,147.429993
11/15/2022,,,,148.559998
11/16/2022,,,,147.289993
11/17/2022,,,,146.149994
11/18/2022,,,,149.970001
11/21/2022,,,,147.720001
11/22/2022,,,,146.929993
11/23/2022,,,,149.339996
11/25/2022,,,,147.119995
11/28/2022,,,,143.380005
11/29/2022,,,,140.350006
11/30/2022,,,,140.550003
12/1/2022,,,,146.610001
12/2/2022,,,,145.649994
12/5/2022,,,,145.770004
12/6/2022,,,,141.919998
12/7/2022,,,,140
12/8/2022,,,,141.100006
12/9/2022,,,,140.899994
12/12/2022,,,,141.059998
12/13/2022,,,,144.240005
12/14/2022,,,,141.160004
12/15/2022,,,,136.029999
12/16/2022,,,,133.729996
12/19/2022,,,,131.320007
12/20/2022,,,,129.889999
12/21/2022,,,,132.75
12/22/2022,,,,130.300003
12/23/2022,,,,129.639999
12/27/2022,,,,128.720001
12/28/2022,,,,125.870003
12/29/2022,,,,127.730003
12/30/2022,,,,127.43
1/3/2023,,,,124.169998
1/4/2023,,,,125.080002
1/5/2023,,,,124.760002
1/6/2023,,,,124.889999
1/9/2023,,,,129.889999
1/10/2023,,,,128.119995
1/11/2023,,,,130.460007
1/12/2023,,,,131.440002
1/13/2023,,,,131.660004
1/17/2023,,,,134.130005
1/18/2023,,,,135.029999
1/19/2023,,,,133.770004
1/20/2023,,,,134.220001
1/23/2023,,,,137.899994
1/24/2023,,,,140.300003
1/25/2023,,,,138.809998
1/26/2023,,,,141.899994
1/27/2023,,,,143.080002
1/30/2023,,,,142.850006
1/31/2023,,,,142.279999
2/1/2023,,,,141.320007
2/2/2023,,,,148.169998
2/3/2023,,,,147.830002
2/6/2023,,,,150.779999
2/7/2023,,,,150.639999
2/8/2023,,,,151.169998
2/9/2023,,,,150.419998
2/10/2023,,,,149.220001
2/13/2023,,,,150.919998
2/14/2023,,,,150.860001
2/15/2023,,,,152.880005
2/16/2023,,,,153.350006
2/17/2023,,,,150.850006
2/21/2023,,,,148.410004
2/22/2023,,,,147.160004
2/23/2023,,,,147.240005
2/24/2023,,,,145.720001
2/27/2023,,,,147.449997
2/28/2023,,,,146.830002
3/1/2023,,,,145.009995
3/2/2023,,,,143.899994
3/3/2023,,,,147.330002
3/6/2023,,,,153.460007
3/7/2023,,,,151.130005
3/8/2023,,,,151.830002
3/9/2023,,,,150.229996
3/10/2023,,,,147.610001
3/13/2023,,,,147.699997
3/14/2023,,,,150.100006
3/15/2023,,,,149.919998
3/16/2023,,,,151.639999
3/17/2023,,,,154.279999
3/20/2023,,,,154.149994
3/21/2023,,,,156.539993
3/22/2023,,,,157.809998
3/23/2023,,,,157.679993
3/24/2023,,,,157.850006
3/27/2023,,,,157.869995
3/28/2023,,,,155.979996
3/29/2023,,,,159.350006
3/30/2023,,,,161.270004
3/31/2023,,,,161.910004
4/3/2023,,,,164.220001
4/4/2023,,,,165.110001
4/5/2023,,,,161.800003
4/6/2023,,,,162
4/10/2023,,,,160.080002
4/11/2023,,,,160.509995
4/12/2023,,,,159.779999
4/13/2023,,,,161.419998
4/14/2023,,,,163.820007
4/17/2023,,,,164.029999
4/18/2023,,,,165.649994
4/19/2023,,,,165.539993
4/20/2023,,,,165.559998
4/21/2023,,,,164.490005
4/24/2023,,,,163.889999
4/25/2023,,,,163.729996
4/26/2023,,,,162.800003
4/27/2023,,,,165.190002
4/28/2023,,,,167.880005
5/1/2023,,,,168.639999
5/2/2023,,,,167.539993
5/3/2023,,,,167.160004
5/4/2023,,,,164.309998
5/5/2023,,,,170.759995
5/8/2023,,,,172.110001
5/9/2023,,,,171.600006
5/10/2023,,,,171.899994
5/11/2023,,,,172.169998
5/12/2023,,,,171
5/15/2023,,,,171.470001
5/16/2023,,,,171.800003
5/17/2023,,,,170.419998
5/18/2023,,,,172.580002
5/19/2023,,,,174.940002
5/22/2023,,,,173.449997
5/23/2023,,,,171.279999
5/24/2023,,,,170.520004
5/25/2023,,,,171.690002
5/26/2023,,,,173.110001
5/30/2023,,,,176.570007
5/31/2023,,,,176.759995
6/1/2023,,,,176.929993
6/2/2023,,,,179.259995
6/5/2023,,,,178.039993
6/6/2023,,,,177.429993
6/7/2023,,,,177.320007
6/8/2023,,,,177.460007
6/9/2023,,,,180.630005
6/12/2023,,,,180.970001
6/13/2023,,,,182.440002
6/14/2023,,,,182.020004
6/15/2023,,,,183.779999
6/16/2023,,,,184.270004
6/20/2023,,,,184.410004
6/21/2023,,,,182.589996
6/22/2023,,,,183.669998
6/23/2023,,,,185.009995
6/26/2023,,,,185.229996
6/27/2023,,,,185.669998
6/28/2023,,,,187.600006
6/29/2023,,,,188.940002
6/30/2023,,,,191.259995
7/3/2023,,,,191.759995
7/5/2023,,,,190.619995
7/6/2023,,,,189.199997
7/7/2023,,,,190.240005
7/10/2023,,,,187.039993
7/11/2023,,,,186.600006
7/12/2023,,,,188.470001
7/13/2023,,,,189.779999
7/14/2023,,,,189.630005
7/17/2023,,,,191.809998
7/18/2023,,,,192.419998
7/19/2023,,,,192.649994
7/20/2023,,,,192.5
7/21/2023,,,,191.229996
7/24/2023,,,,192.25
7/25/2023,,,,192.919998
7/26/2023,,,,193.320007
7/27/2023,,,,192.550003
7/28/2023,,,,194.139999
7/31/2023,,,,195.259995
8/1/2023,,,,195.279999
8/2/2023,,,,191.850006
8/3/2023,,,,190.690002
8/4/2023,,,,181.919998
8/7/2023,,,,177.350006
8/8/2023,,,,177.580002
8/9/2023,,,,177.009995
8/10/2023,,,,177.600006
8/11/2023,,,,176.550003
8/14/2023,,,,177.309998
8/15/2023,,,,177.050003
8/16/2023,,,,176.5
8/17/2023,,,,173.479996
8/18/2023,,,,171.960007
8/21/2023,,,,173.740005
8/22/2023,,,,176.25
8/23/2023,,,,178.330002
8/24/2023,,,,176.009995
8/25/2023,,,,175.820007
8/28/2023,,,,178.550003
8/29/2023,,,,179.5
8/30/2023,,,,184.740005
8/31/2023,,,,187.479996
9/1/2023,,,,188.279999
